"id","test1_auc","test1_acc","test1_sens","test1_spec","test1_Top10Lift","test1_Top20Lift","test1_Top30Lift","test1_Top40Lift","test1_Top50Lift","train1_auc","train1_acc","train1_sens","train1_spec","train1_Top10Lift","train1_Top20Lift","train1_Top30Lift","train1_Top40Lift","train1_Top50Lift"
"p_1",0.261152918203906,0.31015,0.374547710120955,0.249830541299506,0.584100072366381,0.635273441538302,0.469692270581343,0.632430476584307,0.609738447224232,0.298905983843785,0.3575,0.350563583097473,0.364533507879764,0.441317154221842,0.526786163838679,0.602269103603377,0.658073611600624,0.712803987714617
