"id","test1_auc","test1_acc","test1_sens","test1_spec","test1_Top10Lift","test1_Top20Lift","test1_Top30Lift","test1_Top40Lift","test1_Top50Lift","train1_auc","train1_acc","train1_sens","train1_spec","train1_Top10Lift","train1_Top20Lift","train1_Top30Lift","train1_Top40Lift","train1_Top50Lift"
"p_1",0.258835350051457,0.31245,0.354388504083531,0.273167425196088,0.584100072366381,0.635273441538302,0.512422895344429,0.573762017988215,0.660394913677246,0.30127777032662,0.3582375,0.3529353010213,0.36355217380422,0.439483606762055,0.53150048692786,0.603873781639907,0.660224236522087,0.7058706020426
