"id","test1_auc","test1_acc","test1_sens","test1_spec","test1_Top10Lift","test1_Top20Lift","test1_Top30Lift","test1_Top40Lift","test1_Top50Lift","train1_auc","train1_acc","train1_sens","train1_spec","train1_Top10Lift","train1_Top20Lift","train1_Top30Lift","train1_Top40Lift","train1_Top50Lift"
"p_1",0.263997589982993,0.3004,0.354388504083531,0.249830541299506,0.584100072366381,0.569626796236948,0.512422895344429,0.612012819187429,0.708777008167063,0.302174987113747,0.3588,0.360412588465593,0.357199780843752,0.452492094564072,0.541334136425237,0.606585353611404,0.659978416905085,0.715805852532249
