"id","test1_auc","test1_acc","test1_sens","test1_spec","test1_Top10Lift","test1_Top20Lift","test1_Top30Lift","test1_Top40Lift","test1_Top50Lift","train1_auc","train1_acc","train1_sens","train1_spec","train1_Top10Lift","train1_Top20Lift","train1_Top30Lift","train1_Top40Lift","train1_Top50Lift"
"p_1",0.261007612830323,0.3231,0.354388504083531,0.293792969884768,0.341155794479479,0.635273441538302,0.512422895344429,0.635790344257211,0.660394913677246,0.303505763253018,0.362025,0.361066679996001,0.362983895168551,0.43963188956687,0.532784835450635,0.599929978993698,0.661385915774732,0.723367010103031
