"id","test1_auc","test1_acc","test1_sens","test1_spec","test1_Top10Lift","test1_Top20Lift","test1_Top30Lift","test1_Top40Lift","test1_Top50Lift","train1_auc","train1_acc","train1_sens","train1_spec","train1_Top10Lift","train1_Top20Lift","train1_Top30Lift","train1_Top40Lift","train1_Top50Lift"
"p_1",0.269248825076166,0.31245,0.354388504083531,0.273167425196088,0.341155794479479,0.56290706089114,0.512422895344429,0.635790344257211,0.708777008167063,0.302702583027025,0.3593,0.35958595859586,0.359014098590141,0.458704129587041,0.545945405459454,0.613688631136886,0.663433656634337,0.718028197180282
