"id","test1_auc","test1_acc","test1_sens","test1_spec","test1_Top10Lift","test1_Top20Lift","test1_Top30Lift","test1_Top40Lift","test1_Top50Lift","train1_auc","train1_acc","train1_sens","train1_spec","train1_Top10Lift","train1_Top20Lift","train1_Top30Lift","train1_Top40Lift","train1_Top50Lift"
"p_1",0.25704907000006,0.3004,0.354388504083531,0.249830541299506,0.584100072366381,0.510699886281402,0.512422895344429,0.491057582962886,0.610358730486922,0.302873597944986,0.36,0.363221503435134,0.356797447529787,0.434966847798993,0.537040729846952,0.617927115010718,0.670335011715439,0.713594895059574
