"id","test1_auc","test1_acc","test1_sens","test1_spec","test1_Top10Lift","test1_Top20Lift","test1_Top30Lift","test1_Top40Lift","test1_Top50Lift","train1_auc","train1_acc","train1_sens","train1_spec","train1_Top10Lift","train1_Top20Lift","train1_Top30Lift","train1_Top40Lift","train1_Top50Lift"
"p_1",0.265102461410962,0.31245,0.354388504083531,0.273167425196088,0.341155794479479,0.635273441538302,0.512422895344429,0.567559185361315,0.708777008167063,0.300509419621541,0.3580375,0.363939272472192,0.352160463027642,0.447560123740146,0.533005688055084,0.602817416758141,0.655810298373416,0.704320926055284
