"id","test1_auc","test1_acc","test1_sens","test1_spec","test1_Top10Lift","test1_Top20Lift","test1_Top30Lift","test1_Top40Lift","test1_Top50Lift","train1_auc","train1_acc","train1_sens","train1_spec","train1_Top10Lift","train1_Top20Lift","train1_Top30Lift","train1_Top40Lift","train1_Top50Lift"
"p_1",0.260905643795854,0.3113,0.354388504083531,0.270940253703883,0.341155794479479,0.510699886281402,0.512422895344429,0.638891760570661,0.705882352941176,0.302266592845222,0.3591875,0.358805806628321,0.359572278420643,0.451567559426692,0.529506262707397,0.601420718391526,0.659529606666834,0.717738899068752
