"id","test1_auc","test1_acc","test1_sens","test1_spec","test1_Top10Lift","test1_Top20Lift","test1_Top30Lift","test1_Top40Lift","test1_Top50Lift","train1_auc","train1_acc","train1_sens","train1_spec","train1_Top10Lift","train1_Top20Lift","train1_Top30Lift","train1_Top40Lift","train1_Top50Lift"
"p_1",0.262549461513702,0.31295,0.354388504083531,0.274135760627481,0.341155794479479,0.510699886281402,0.512422895344429,0.619249457252145,0.708777008167063,0.303708739938053,0.361,0.350555804795374,0.371508099704097,0.432181845371617,0.531877772792981,0.605569679145273,0.666778824585016,0.701111609590748
