"id","test1_auc","test1_acc","test1_sens","test1_spec","test1_Top10Lift","test1_Top20Lift","test1_Top30Lift","test1_Top40Lift","test1_Top50Lift","train1_auc","train1_acc","train1_sens","train1_spec","train1_Top10Lift","train1_Top20Lift","train1_Top30Lift","train1_Top40Lift","train1_Top50Lift"
"p_1",0.26290365024417,0.32505,0.354388504083531,0.297569478067202,0.513801302594852,0.635273441538302,0.512422895344429,0.632430476584307,0.708777008167063,0.299696701610483,0.355825,0.356371436410346,0.355276016738918,0.448041696945398,0.529856917332799,0.601899416142531,0.656964943493623,0.710552033477836
