"auc","acc","Sensitivity","Specificity","Top10Lift","Top20Lift","Top30Lift","Top40Lift","Top50Lift","under_rate","Data_Type"
0.735041012003726,0.60505,0.354120267260579,0.872945311692339,1.80088907267652,1.69802543161377,1.67683242013853,1.52408766670113,1.33960508632275,0.4,"test1"
0.735692598738905,0.68755,0.726832574803912,0.645611495916468,1.80088907267652,1.69802543161377,1.66580516213515,1.52408766670113,1.29122299183294,0.5,"test1"
0.737802274594201,0.31245,0.354388504083531,0.273167425196088,0.584100072366381,0.635273441538302,0.512422895344429,0.573762017988215,0.660394913677246,NA,"test1"
0.697706715725157,0.6175875,0.8314188602476,0.400448441790744,1.68184186369613,1.51412905946858,1.40810942681585,1.33990373880467,1.27814027340164,0.4,"train1"
0.697702503602039,0.6403,0.643014860942268,0.63754314362734,1.68208995956037,1.51412905946858,1.40868831716575,1.33965564294043,1.27863646513013,0.5,"train1"
0.510344309650525,0.491325,0.480286196558587,0.502195648398541,0.974768650606594,0.977745800977498,0.976588020277702,0.980909023246582,0.98290619495373,NA,"train1"
